trial,testing,parameters,initial_deadline,final_deadline,net_reward,actions,success
1,False,"{'a': 0.5, 'e': 0.95}",20,0,-99.36043701017853,"{0: 11, 1: 2, 2: 6, 3: 0, 4: 1}",0
2,False,"{'a': 0.5, 'e': 0.8999999999999999}",30,7,-59.12653536636077,"{0: 15, 1: 4, 2: 2, 3: 2, 4: 0}",1
3,False,"{'a': 0.5, 'e': 0.8499999999999999}",30,0,-227.1656181409416,"{0: 15, 1: 5, 2: 4, 3: 3, 4: 3}",0
4,False,"{'a': 0.5, 'e': 0.7999999999999998}",20,0,-168.37223718588095,"{0: 10, 1: 2, 2: 5, 3: 0, 4: 3}",0
5,False,"{'a': 0.5, 'e': 0.7499999999999998}",30,0,-129.7088043944901,"{0: 20, 1: 2, 2: 4, 3: 3, 4: 1}",0
